{
    "Training": {
        "triangle": 9.408359,
        "3star": 315.667053,
        "chordal":22.324291,
        "2star":325.786926,
        "K4":0.147412,
        "C4":48.045433,
        "Tailed_Triangle":671.973389
    },
    "Validation": {
        "triangle": 8.723122,
        "3star": 307.384644,
        "chordal":18.750183,
        "2star":322.313385,
        "K4":0.114774,
        "C4":48.677448,
        "Tailed_Triangle":609.161804
    },
    "Test": {
        "triangle":10.438521,
        "3star": 328.818451,
        "chordal":27.564728,
        "2star":318.69577,
        "K4":0.205511,
        "C4":48.647099,
        "Tailed_Triangle":748.683716
    }
}










