{
    "Training": {
        "triangle": 246.3079071044922,
        "3star": 54203.1953125,
        "chordal": 5197.873046875,
        "2star": 10494.888671875,
        "K4": 46.448631286621094,
        "C4": 4173.1044921875,
        "Tailed_Triangle": 87161.4609375
    },
    "Validation": {
        "triangle": 227.86599731445312,
        "3star": 45218.1953125,
        "chordal": 5227.23193359375,
        "2star": 9271.0888671875,
        "K4": 50.51101303100586,
        "C4": 3851.839111328125,
        "Tailed_Triangle": 78812.1484375
    },
    "Test": {
        "triangle": 233.8363037109375,
        "3star": 51199.046875,
        "chordal": 4845.22412109375,
        "2star": 10236.4365234375,
        "K4": 44.25558853149414,
        "C4": 3826.88525390625,
        "Tailed_Triangle": 80343.5078125
    }
}