{
    "Training": {
        "triangle": 7.314539,
        "3star": 308.906586,
        "chordal":28.924677,
        "2star":227.811737,
        "K4":0.251005,
        "C4":30.440817,
        "Tailed_Triangle":551.803833
    },
    "Validation": {
        "triangle": 6.779735,
        "3star": 304.503387,
        "chordal":22.579945,
        "2star":232.273117,
        "K4":0.193892,
        "C4":28.429703,
        "Tailed_Triangle":488.794006
    },
    "Test": {
        "triangle":8.260939,
        "3star": 338.133026,
        "chordal":36.304977,
        "2star":245.496368,
        "K4":0.373623,
        "C4":35.842068,
        "Tailed_Triangle":639.196472
    }
}










