{
    "Training": {
        "triangle": 211.91082763671875,
        "3star": 55507.07421875,
        "chordal": 3617.55908203125,
        "2star": 10994.9638671875,
        "K4": 30.76402473449707,
        "C4": 3185.1474609375,
        "Tailed_Triangle": 71935.3203125
    },
    "Validation": {
        "triangle": 215.7543487548828,
        "3star": 56797.69921875,
        "chordal": 3735.873046875,
        "2star": 11029.4560546875,
        "K4": 32.21318817138672,
        "C4": 3250.183837890625,
        "Tailed_Triangle": 73283.5
    },
    "Test": {
        "triangle": 213.7104949951172,
        "3star": 54952.3125,
        "chordal": 3592.197021484375,
        "2star": 10923.7666015625,
        "K4": 29.58025360107422,
        "C4": 3230.666259765625,
        "Tailed_Triangle": 71753.8125
    }
}