{
    "Training": {
        "triangle": 0.06394954770803452,
        "3star": 6.754430294036865,
        "chordal": 0.0,
        "2star": 64.49126434326172,
        "K4": 0.0,
        "C4": 0.017128782346844673,
        "Tailed_Triangle": 0.1635778695344925
    },
    "Validation": {
        "triangle": 0.06470620632171631,
        "3star": 6.744770050048828,
        "chordal": 0.0,
        "2star": 64.79536437988281,
        "K4": 0.0,
        "C4": 0.017038431018590927,
        "Tailed_Triangle": 0.170844167470932
    },
    "Test": {
        "triangle": 0.05935443192720413,
        "3star": 7.044082164764404,
        "chordal": 0.0,
        "2star": 65.44071197509766,
        "K4": 0.0,
        "C4": 0.014971954748034477,
        "Tailed_Triangle": 0.14817364513874054
    }
}